[
  {
    "surah": 89,
    "ayat": 8,
    "arab": "ٱلَّتِى لَمْ يُخْلَقْ مِثْلُهَا فِى ٱلْبِلَـٰدِ"
  },
  {
    "surah": 89,
    "ayat": 9,
    "arab": "وَثَمُودَ ٱلَّذِينَ جَابُوا۟ ٱلصَّخْرَ بِٱلْوَادِ"
  },
  {
    "surah": 89,
    "ayat": 10,
    "arab": "وَفِرْعَوْنَ ذِى ٱلْأَوْتَادِ"
  },
  {
    "surah": 89,
    "ayat": 11,
    "arab": "ٱلَّذِينَ طَغَوْا۟ فِى ٱلْبِلَـٰدِ"
  },
  {
    "surah": 89,
    "ayat": 12,
    "arab": "فَأَكْثَرُوا۟ فِيهَا ٱلْفَسَادَ"
  },
  {
    "surah": 89,
    "ayat": 13,
    "arab": "فَصَبَّ عَلَيْهِمْ رَبُّكَ سَوْطَ عَذَابٍ"
  },
  {
    "surah": 89,
    "ayat": 14,
    "arab": "إِنَّ رَبَّكَ لَبِٱلْمِرْصَادِ"
  },
  {
    "surah": 89,
    "ayat": 15,
    "arab": "فَأَمَّا ٱلْإِنسَـٰنُ إِذَا مَا ٱبْتَلَىٰهُ رَبُّهُۥ فَأَكْرَمَهُۥ وَنَعَّمَهُۥ فَيَقُولُ رَبِّىٓ أَكْرَمَنِ"
  },
  {
    "surah": 89,
    "ayat": 16,
    "arab": "وَأَمَّآ إِذَا مَا ٱبْتَلَىٰهُ فَقَدَرَ عَلَيْهِ رِزْقَهُۥ فَيَقُولُ رَبِّىٓ أَهَـٰنَنِ"
  },
  {
    "surah": 89,
    "ayat": 17,
    "arab": "كَلَّا ۖ بَل لَّا تُكْرِمُونَ ٱلْيَتِيمَ"
  },
  {
    "surah": 89,
    "ayat": 18,
    "arab": "وَلَا تَحَـٰٓضُّونَ عَلَىٰ طَعَامِ ٱلْمِسْكِينِ"
  },
  {
    "surah": 89,
    "ayat": 19,
    "arab": "وَتَأْكُلُونَ ٱلتُّرَاثَ أَكْلًۭا لَّمًّۭا"
  },
  {
    "surah": 89,
    "ayat": 20,
    "arab": "وَتُحِبُّونَ ٱلْمَالَ حُبًّۭا جَمًّۭا"
  },
  {
    "surah": 89,
    "ayat": 21,
    "arab": "كَلَّآ إِذَا دُكَّتِ ٱلْأَرْضُ دَكًّۭا دَكًّۭا"
  },
  {
    "surah": 89,
    "ayat": 22,
    "arab": "وَجَآءَ رَبُّكَ وَٱلْمَلَكُ صَفًّۭا صَفًّۭا"
  },
  {
    "surah": 89,
    "ayat": 23,
    "arab": "وَجِا۟ىٓءَ يَوْمَئِذٍۭ بِجَهَنَّمَ ۚ يَوْمَئِذٍۢ يَتَذَكَّرُ ٱلْإِنسَـٰنُ وَأَنَّىٰ لَهُ ٱلذِّكْرَىٰ"
  },
  {
    "surah": 89,
    "ayat": 24,
    "arab": "يَقُولُ يَـٰلَيْتَنِى قَدَّمْتُ لِحَيَاتِى"
  },
  {
    "surah": 89,
    "ayat": 25,
    "arab": "فَيَوْمَئِذٍۢ لَّا يُعَذِّبُ عَذَابَهُۥٓ أَحَدٌۭ"
  },
  {
    "surah": 89,
    "ayat": 26,
    "arab": "وَلَا يُوثِقُ وَثَاقَهُۥٓ أَحَدٌۭ"
  },
  {
    "surah": 89,
    "ayat": 27,
    "arab": "يَـٰٓأَيَّتُهَا ٱلنَّفْسُ ٱلْمُطْمَئِنَّةُ"
  },
  {
    "surah": 89,
    "ayat": 28,
    "arab": "ٱرْجِعِىٓ إِلَىٰ رَبِّكِ رَاضِيَةًۭ مَّرْضِيَّةًۭ"
  },
  {
    "surah": 89,
    "ayat": 29,
    "arab": "فَٱدْخُلِى فِى عِبَـٰدِى"
  },
  {
    "surah": 89,
    "ayat": 30,
    "arab": "وَٱدْخُلِى جَنَّتِى"
  },
  {
    "surah": 90,
    "ayat": 1,
    "arab": "بِسْمِ ٱللَّهِ ٱلرَّحْمَـٰنِ ٱلرَّحِيمِ لَآ أُقْسِمُ بِهَـٰذَا ٱلْبَلَدِ"
  },
  {
    "surah": 90,
    "ayat": 2,
    "arab": "وَأَنتَ حِلٌّۢ بِهَـٰذَا ٱلْبَلَدِ"
  },
  {
    "surah": 90,
    "ayat": 3,
    "arab": "وَوَالِدٍۢ وَمَا وَلَدَ"
  },
  {
    "surah": 90,
    "ayat": 4,
    "arab": "لَقَدْ خَلَقْنَا ٱلْإِنسَـٰنَ فِى كَبَدٍ"
  },
  {
    "surah": 90,
    "ayat": 5,
    "arab": "أَيَحْسَبُ أَن لَّن يَقْدِرَ عَلَيْهِ أَحَدٌۭ"
  },
  {
    "surah": 90,
    "ayat": 6,
    "arab": "يَقُولُ أَهْلَكْتُ مَالًۭا لُّبَدًا"
  },
  {
    "surah": 90,
    "ayat": 7,
    "arab": "أَيَحْسَبُ أَن لَّمْ يَرَهُۥٓ أَحَدٌ"
  },
  {
    "surah": 90,
    "ayat": 8,
    "arab": "أَلَمْ نَجْعَل لَّهُۥ عَيْنَيْنِ"
  },
  {
    "surah": 90,
    "ayat": 9,
    "arab": "وَلِسَانًۭا وَشَفَتَيْنِ"
  },
  {
    "surah": 90,
    "ayat": 10,
    "arab": "وَهَدَيْنَـٰهُ ٱلنَّجْدَيْنِ"
  },
  {
    "surah": 90,
    "ayat": 11,
    "arab": "فَلَا ٱقْتَحَمَ ٱلْعَقَبَةَ"
  },
  {
    "surah": 90,
    "ayat": 12,
    "arab": "وَمَآ أَدْرَىٰكَ مَا ٱلْعَقَبَةُ"
  },
  {
    "surah": 90,
    "ayat": 13,
    "arab": "فَكُّ رَقَبَةٍ"
  },
  {
    "surah": 90,
    "ayat": 14,
    "arab": "أَوْ إِطْعَـٰمٌۭ فِى يَوْمٍۢ ذِى مَسْغَبَةٍۢ"
  },
  {
    "surah": 90,
    "ayat": 15,
    "arab": "يَتِيمًۭا ذَا مَقْرَبَةٍ"
  },
  {
    "surah": 90,
    "ayat": 16,
    "arab": "أَوْ مِسْكِينًۭا ذَا مَتْرَبَةٍۢ"
  },
  {
    "surah": 90,
    "ayat": 17,
    "arab": "ثُمَّ كَانَ مِنَ ٱلَّذِينَ ءَامَنُوا۟ وَتَوَاصَوْا۟ بِٱلصَّبْرِ وَتَوَاصَوْا۟ بِٱلْمَرْحَمَةِ"
  },
  {
    "surah": 90,
    "ayat": 18,
    "arab": "أُو۟لَـٰٓئِكَ أَصْحَـٰبُ ٱلْمَيْمَنَةِ"
  },
  {
    "surah": 90,
    "ayat": 19,
    "arab": "وَٱلَّذِينَ كَفَرُوا۟ بِـَٔايَـٰتِنَا هُمْ أَصْحَـٰبُ ٱلْمَشْـَٔمَةِ"
  },
  {
    "surah": 90,
    "ayat": 20,
    "arab": "عَلَيْهِمْ نَارٌۭ مُّؤْصَدَةٌۢ"
  },
  {
    "surah": 91,
    "ayat": 1,
    "arab": "بِسْمِ ٱللَّهِ ٱلرَّحْمَـٰنِ ٱلرَّحِيمِ وَٱلشَّمْسِ وَضُحَىٰهَا"
  },
  {
    "surah": 91,
    "ayat": 2,
    "arab": "وَٱلْقَمَرِ إِذَا تَلَىٰهَا"
  },
  {
    "surah": 91,
    "ayat": 3,
    "arab": "وَٱلنَّهَارِ إِذَا جَلَّىٰهَا"
  },
  {
    "surah": 91,
    "ayat": 4,
    "arab": "وَٱلَّيْلِ إِذَا يَغْشَىٰهَا"
  },
  {
    "surah": 91,
    "ayat": 5,
    "arab": "وَٱلسَّمَآءِ وَمَا بَنَىٰهَا"
  },
  {
    "surah": 91,
    "ayat": 6,
    "arab": "وَٱلْأَرْضِ وَمَا طَحَىٰهَا"
  },
  {
    "surah": 91,
    "ayat": 7,
    "arab": "وَنَفْسٍۢ وَمَا سَوَّىٰهَا"
  },
  {
    "surah": 91,
    "ayat": 8,
    "arab": "فَأَلْهَمَهَا فُجُورَهَا وَتَقْوَىٰهَا"
  },
  {
    "surah": 91,
    "ayat": 9,
    "arab": "قَدْ أَفْلَحَ مَن زَكَّىٰهَا"
  },
  {
    "surah": 91,
    "ayat": 10,
    "arab": "وَقَدْ خَابَ مَن دَسَّىٰهَا"
  },
  {
    "surah": 91,
    "ayat": 11,
    "arab": "كَذَّبَتْ ثَمُودُ بِطَغْوَىٰهَآ"
  },
  {
    "surah": 91,
    "ayat": 12,
    "arab": "إِذِ ٱنۢبَعَثَ أَشْقَىٰهَا"
  },
  {
    "surah": 91,
    "ayat": 13,
    "arab": "فَقَالَ لَهُمْ رَسُولُ ٱللَّهِ نَاقَةَ ٱللَّهِ وَسُقْيَـٰهَا"
  },
  {
    "surah": 91,
    "ayat": 14,
    "arab": "فَكَذَّبُوهُ فَعَقَرُوهَا فَدَمْدَمَ عَلَيْهِمْ رَبُّهُم بِذَنۢبِهِمْ فَسَوَّىٰهَا"
  },
  {
    "surah": 91,
    "ayat": 15,
    "arab": "وَلَا يَخَافُ عُقْبَـٰهَا"
  },
  {
    "surah": 92,
    "ayat": 1,
    "arab": "بِسْمِ ٱللَّهِ ٱلرَّحْمَـٰنِ ٱلرَّحِيمِ وَٱلَّيْلِ إِذَا يَغْشَىٰ"
  },
  {
    "surah": 92,
    "ayat": 2,
    "arab": "وَٱلنَّهَارِ إِذَا تَجَلَّىٰ"
  },
  {
    "surah": 92,
    "ayat": 3,
    "arab": "وَمَا خَلَقَ ٱلذَّكَرَ وَٱلْأُنثَىٰٓ"
  },
  {
    "surah": 92,
    "ayat": 4,
    "arab": "إِنَّ سَعْيَكُمْ لَشَتَّىٰ"
  },
  {
    "surah": 92,
    "ayat": 5,
    "arab": "فَأَمَّا مَنْ أَعْطَىٰ وَٱتَّقَىٰ"
  },
  {
    "surah": 92,
    "ayat": 6,
    "arab": "وَصَدَّقَ بِٱلْحُسْنَىٰ"
  },
  {
    "surah": 92,
    "ayat": 7,
    "arab": "فَسَنُيَسِّرُهُۥ لِلْيُسْرَىٰ"
  },
  {
    "surah": 92,
    "ayat": 8,
    "arab": "وَأَمَّا مَنۢ بَخِلَ وَٱسْتَغْنَىٰ"
  },
  {
    "surah": 92,
    "ayat": 9,
    "arab": "وَكَذَّبَ بِٱلْحُسْنَىٰ"
  },
  {
    "surah": 92,
    "ayat": 10,
    "arab": "فَسَنُيَسِّرُهُۥ لِلْعُسْرَىٰ"
  },
  {
    "surah": 92,
    "ayat": 11,
    "arab": "وَمَا يُغْنِى عَنْهُ مَالُهُۥٓ إِذَا تَرَدَّىٰٓ"
  },
  {
    "surah": 92,
    "ayat": 12,
    "arab": "إِنَّ عَلَيْنَا لَلْهُدَىٰ"
  },
  {
    "surah": 92,
    "ayat": 13,
    "arab": "وَإِنَّ لَنَا لَلْـَٔاخِرَةَ وَٱلْأُولَىٰ"
  },
  {
    "surah": 92,
    "ayat": 14,
    "arab": "فَأَنذَرْتُكُمْ نَارًۭا تَلَظَّىٰ"
  },
  {
    "surah": 92,
    "ayat": 15,
    "arab": "لَا يَصْلَىٰهَآ إِلَّا ٱلْأَشْقَى"
  },
  {
    "surah": 92,
    "ayat": 16,
    "arab": "ٱلَّذِى كَذَّبَ وَتَوَلَّىٰ"
  },
  {
    "surah": 92,
    "ayat": 17,
    "arab": "وَسَيُجَنَّبُهَا ٱلْأَتْقَى"
  },
  {
    "surah": 92,
    "ayat": 18,
    "arab": "ٱلَّذِى يُؤْتِى مَالَهُۥ يَتَزَكَّىٰ"
  },
  {
    "surah": 92,
    "ayat": 19,
    "arab": "وَمَا لِأَحَدٍ عِندَهُۥ مِن نِّعْمَةٍۢ تُجْزَىٰٓ"
  },
  {
    "surah": 92,
    "ayat": 20,
    "arab": "إِلَّا ٱبْتِغَآءَ وَجْهِ رَبِّهِ ٱلْأَعْلَىٰ"
  },
  {
    "surah": 92,
    "ayat": 21,
    "arab": "وَلَسَوْفَ يَرْضَىٰ"
  },
  {
    "surah": 93,
    "ayat": 1,
    "arab": "بِسْمِ ٱللَّهِ ٱلرَّحْمَـٰنِ ٱلرَّحِيمِ وَٱلضُّحَىٰ"
  },
  {
    "surah": 93,
    "ayat": 2,
    "arab": "وَٱلَّيْلِ إِذَا سَجَىٰ"
  },
  {
    "surah": 93,
    "ayat": 3,
    "arab": "مَا وَدَّعَكَ رَبُّكَ وَمَا قَلَىٰ"
  },
  {
    "surah": 93,
    "ayat": 4,
    "arab": "وَلَلْـَٔاخِرَةُ خَيْرٌۭ لَّكَ مِنَ ٱلْأُولَىٰ"
  },
  {
    "surah": 93,
    "ayat": 5,
    "arab": "وَلَسَوْفَ يُعْطِيكَ رَبُّكَ فَتَرْضَىٰٓ"
  },
  {
    "surah": 93,
    "ayat": 6,
    "arab": "أَلَمْ يَجِدْكَ يَتِيمًۭا فَـَٔاوَىٰ"
  },
  {
    "surah": 93,
    "ayat": 7,
    "arab": "وَوَجَدَكَ ضَآلًّۭا فَهَدَىٰ"
  },
  {
    "surah": 93,
    "ayat": 8,
    "arab": "وَوَجَدَكَ عَآئِلًۭا فَأَغْنَىٰ"
  },
  {
    "surah": 93,
    "ayat": 9,
    "arab": "فَأَمَّا ٱلْيَتِيمَ فَلَا تَقْهَرْ"
  },
  {
    "surah": 93,
    "ayat": 10,
    "arab": "وَأَمَّا ٱلسَّآئِلَ فَلَا تَنْهَرْ"
  },
  {
    "surah": 93,
    "ayat": 11,
    "arab": "وَأَمَّا بِنِعْمَةِ رَبِّكَ فَحَدِّثْ"
  },
  {
    "surah": 94,
    "ayat": 1,
    "arab": "بِسْمِ ٱللَّهِ ٱلرَّحْمَـٰنِ ٱلرَّحِيمِ أَلَمْ نَشْرَحْ لَكَ صَدْرَكَ"
  },
  {
    "surah": 94,
    "ayat": 2,
    "arab": "وَوَضَعْنَا عَنكَ وِزْرَكَ"
  },
  {
    "surah": 94,
    "ayat": 3,
    "arab": "ٱلَّذِىٓ أَنقَضَ ظَهْرَكَ"
  },
  {
    "surah": 94,
    "ayat": 4,
    "arab": "وَرَفَعْنَا لَكَ ذِكْرَكَ"
  },
  {
    "surah": 94,
    "ayat": 5,
    "arab": "فَإِنَّ مَعَ ٱلْعُسْرِ يُسْرًا"
  },
  {
    "surah": 94,
    "ayat": 6,
    "arab": "إِنَّ مَعَ ٱلْعُسْرِ يُسْرًۭا"
  },
  {
    "surah": 94,
    "ayat": 7,
    "arab": "فَإِذَا فَرَغْتَ فَٱنصَبْ"
  },
  {
    "surah": 94,
    "ayat": 8,
    "arab": "وَإِلَىٰ رَبِّكَ فَٱرْغَب"
  },
  {
    "surah": 95,
    "ayat": 1,
    "arab": "بِّسْمِ ٱللَّهِ ٱلرَّحْمَـٰنِ ٱلرَّحِيمِ وَٱلتِّينِ وَٱلزَّيْتُونِ"
  },
  {
    "surah": 95,
    "ayat": 2,
    "arab": "وَطُورِ سِينِينَ"
  },
  {
    "surah": 95,
    "ayat": 3,
    "arab": "وَهَـٰذَا ٱلْبَلَدِ ٱلْأَمِينِ"
  },
  {
    "surah": 95,
    "ayat": 4,
    "arab": "لَقَدْ خَلَقْنَا ٱلْإِنسَـٰنَ فِىٓ أَحْسَنِ تَقْوِيمٍۢ"
  },
  {
    "surah": 95,
    "ayat": 5,
    "arab": "ثُمَّ رَدَدْنَـٰهُ أَسْفَلَ سَـٰفِلِينَ"
  },
  {
    "surah": 95,
    "ayat": 6,
    "arab": "إِلَّا ٱلَّذِينَ ءَامَنُوا۟ وَعَمِلُوا۟ ٱلصَّـٰلِحَـٰتِ فَلَهُمْ أَجْرٌ غَيْرُ مَمْنُونٍۢ"
  },
  {
    "surah": 95,
    "ayat": 7,
    "arab": "فَمَا يُكَذِّبُكَ بَعْدُ بِٱلدِّينِ"
  },
  {
    "surah": 95,
    "ayat": 8,
    "arab": "أَلَيْسَ ٱللَّهُ بِأَحْكَمِ ٱلْحَـٰكِمِينَ"
  },
  {
    "surah": 96,
    "ayat": 1,
    "arab": "بِسْمِ ٱللَّهِ ٱلرَّحْمَـٰنِ ٱلرَّحِيمِ ٱقْرَأْ بِٱسْمِ رَبِّكَ ٱلَّذِى خَلَقَ"
  },
  {
    "surah": 96,
    "ayat": 2,
    "arab": "خَلَقَ ٱلْإِنسَـٰنَ مِنْ عَلَقٍ"
  },
  {
    "surah": 96,
    "ayat": 3,
    "arab": "ٱقْرَأْ وَرَبُّكَ ٱلْأَكْرَمُ"
  },
  {
    "surah": 96,
    "ayat": 4,
    "arab": "ٱلَّذِى عَلَّمَ بِٱلْقَلَمِ"
  },
  {
    "surah": 96,
    "ayat": 5,
    "arab": "عَلَّمَ ٱلْإِنسَـٰنَ مَا لَمْ يَعْلَمْ"
  },
  {
    "surah": 96,
    "ayat": 6,
    "arab": "كَلَّآ إِنَّ ٱلْإِنسَـٰنَ لَيَطْغَىٰٓ"
  },
  {
    "surah": 96,
    "ayat": 7,
    "arab": "أَن رَّءَاهُ ٱسْتَغْنَىٰٓ"
  },
  {
    "surah": 96,
    "ayat": 8,
    "arab": "إِنَّ إِلَىٰ رَبِّكَ ٱلرُّجْعَىٰٓ"
  },
  {
    "surah": 96,
    "ayat": 9,
    "arab": "أَرَءَيْتَ ٱلَّذِى يَنْهَىٰ"
  },
  {
    "surah": 96,
    "ayat": 10,
    "arab": "عَبْدًا إِذَا صَلَّىٰٓ"
  },
  {
    "surah": 96,
    "ayat": 11,
    "arab": "أَرَءَيْتَ إِن كَانَ عَلَى ٱلْهُدَىٰٓ"
  },
  {
    "surah": 96,
    "ayat": 12,
    "arab": "أَوْ أَمَرَ بِٱلتَّقْوَىٰٓ"
  },
  {
    "surah": 96,
    "ayat": 13,
    "arab": "أَرَءَيْتَ إِن كَذَّبَ وَتَوَلَّىٰٓ"
  },
  {
    "surah": 96,
    "ayat": 14,
    "arab": "أَلَمْ يَعْلَم بِأَنَّ ٱللَّهَ يَرَىٰ"
  },
  {
    "surah": 96,
    "ayat": 15,
    "arab": "كَلَّا لَئِن لَّمْ يَنتَهِ لَنَسْفَعًۢا بِٱلنَّاصِيَةِ"
  },
  {
    "surah": 96,
    "ayat": 16,
    "arab": "نَاصِيَةٍۢ كَـٰذِبَةٍ خَاطِئَةٍۢ"
  },
  {
    "surah": 96,
    "ayat": 17,
    "arab": "فَلْيَدْعُ نَادِيَهُۥ"
  },
  {
    "surah": 96,
    "ayat": 18,
    "arab": "سَنَدْعُ ٱلزَّبَانِيَةَ"
  },
  {
    "surah": 96,
    "ayat": 19,
    "arab": "كَلَّا لَا تُطِعْهُ وَٱسْجُدْ وَٱقْتَرِب ۩"
  },
  {
    "surah": 97,
    "ayat": 1,
    "arab": "بِّسْمِ ٱللَّهِ ٱلرَّحْمَـٰنِ ٱلرَّحِيمِ إِنَّآ أَنزَلْنَـٰهُ فِى لَيْلَةِ ٱلْقَدْرِ"
  },
  {
    "surah": 97,
    "ayat": 2,
    "arab": "وَمَآ أَدْرَىٰكَ مَا لَيْلَةُ ٱلْقَدْرِ"
  },
  {
    "surah": 97,
    "ayat": 3,
    "arab": "لَيْلَةُ ٱلْقَدْرِ خَيْرٌۭ مِّنْ أَلْفِ شَهْرٍۢ"
  },
  {
    "surah": 97,
    "ayat": 4,
    "arab": "تَنَزَّلُ ٱلْمَلَـٰٓئِكَةُ وَٱلرُّوحُ فِيهَا بِإِذْنِ رَبِّهِم مِّن كُلِّ أَمْرٍۢ"
  },
  {
    "surah": 97,
    "ayat": 5,
    "arab": "سَلَـٰمٌ هِىَ حَتَّىٰ مَطْلَعِ ٱلْفَجْرِ"
  },
  {
    "surah": 98,
    "ayat": 1,
    "arab": "بِسْمِ ٱللَّهِ ٱلرَّحْمَـٰنِ ٱلرَّحِيمِ لَمْ يَكُنِ ٱلَّذِينَ كَفَرُوا۟ مِنْ أَهْلِ ٱلْكِتَـٰبِ وَٱلْمُشْرِكِينَ مُنفَكِّينَ حَتَّىٰ تَأْتِيَهُمُ ٱلْبَيِّنَةُ"
  },
  {
    "surah": 98,
    "ayat": 2,
    "arab": "رَسُولٌۭ مِّنَ ٱللَّهِ يَتْلُوا۟ صُحُفًۭا مُّطَهَّرَةًۭ"
  },
  {
    "surah": 98,
    "ayat": 3,
    "arab": "فِيهَا كُتُبٌۭ قَيِّمَةٌۭ"
  },
  {
    "surah": 98,
    "ayat": 4,
    "arab": "وَمَا تَفَرَّقَ ٱلَّذِينَ أُوتُوا۟ ٱلْكِتَـٰبَ إِلَّا مِنۢ بَعْدِ مَا جَآءَتْهُمُ ٱلْبَيِّنَةُ"
  },
  {
    "surah": 98,
    "ayat": 5,
    "arab": "وَمَآ أُمِرُوٓا۟ إِلَّا لِيَعْبُدُوا۟ ٱللَّهَ مُخْلِصِينَ لَهُ ٱلدِّينَ حُنَفَآءَ وَيُقِيمُوا۟ ٱلصَّلَوٰةَ وَيُؤْتُوا۟ ٱلزَّكَوٰةَ ۚ وَذَٰلِكَ دِينُ ٱلْقَيِّمَةِ"
  },
  {
    "surah": 98,
    "ayat": 6,
    "arab": "إِنَّ ٱلَّذِينَ كَفَرُوا۟ مِنْ أَهْلِ ٱلْكِتَـٰبِ وَٱلْمُشْرِكِينَ فِى نَارِ جَهَنَّمَ خَـٰلِدِينَ فِيهَآ ۚ أُو۟لَـٰٓئِكَ هُمْ شَرُّ ٱلْبَرِيَّةِ"
  },
  {
    "surah": 98,
    "ayat": 7,
    "arab": "إِنَّ ٱلَّذِينَ ءَامَنُوا۟ وَعَمِلُوا۟ ٱلصَّـٰلِحَـٰتِ أُو۟لَـٰٓئِكَ هُمْ خَيْرُ ٱلْبَرِيَّةِ"
  },
  {
    "surah": 98,
    "ayat": 8,
    "arab": "جَزَآؤُهُمْ عِندَ رَبِّهِمْ جَنَّـٰتُ عَدْنٍۢ تَجْرِى مِن تَحْتِهَا ٱلْأَنْهَـٰرُ خَـٰلِدِينَ فِيهَآ أَبَدًۭا ۖ رَّضِىَ ٱللَّهُ عَنْهُمْ وَرَضُوا۟ عَنْهُ ۚ ذَٰلِكَ لِمَنْ خَشِىَ رَبَّهُۥ"
  },
  {
    "surah": 99,
    "ayat": 1,
    "arab": "بِسْمِ ٱللَّهِ ٱلرَّحْمَـٰنِ ٱلرَّحِيمِ إِذَا زُلْزِلَتِ ٱلْأَرْضُ زِلْزَالَهَا"
  },
  {
    "surah": 99,
    "ayat": 2,
    "arab": "وَأَخْرَجَتِ ٱلْأَرْضُ أَثْقَالَهَا"
  },
  {
    "surah": 99,
    "ayat": 3,
    "arab": "وَقَالَ ٱلْإِنسَـٰنُ مَا لَهَا"
  },
  {
    "surah": 99,
    "ayat": 4,
    "arab": "يَوْمَئِذٍۢ تُحَدِّثُ أَخْبَارَهَا"
  },
  {
    "surah": 99,
    "ayat": 5,
    "arab": "بِأَنَّ رَبَّكَ أَوْحَىٰ لَهَا"
  },
  {
    "surah": 99,
    "ayat": 6,
    "arab": "يَوْمَئِذٍۢ يَصْدُرُ ٱلنَّاسُ أَشْتَاتًۭا لِّيُرَوْا۟ أَعْمَـٰلَهُمْ"
  },
  {
    "surah": 99,
    "ayat": 7,
    "arab": "فَمَن يَعْمَلْ مِثْقَالَ ذَرَّةٍ خَيْرًۭا يَرَهُۥ"
  },
  {
    "surah": 99,
    "ayat": 8,
    "arab": "وَمَن يَعْمَلْ مِثْقَالَ ذَرَّةٍۢ شَرًّۭا يَرَهُۥ"
  },
  {
    "surah": 100,
    "ayat": 1,
    "arab": "بِسْمِ ٱللَّهِ ٱلرَّحْمَـٰنِ ٱلرَّحِيمِ وَٱلْعَـٰدِيَـٰتِ ضَبْحًۭا"
  },
  {
    "surah": 100,
    "ayat": 2,
    "arab": "فَٱلْمُورِيَـٰتِ قَدْحًۭا"
  },
  {
    "surah": 100,
    "ayat": 3,
    "arab": "فَٱلْمُغِيرَٰتِ صُبْحًۭا"
  },
  {
    "surah": 100,
    "ayat": 4,
    "arab": "فَأَثَرْنَ بِهِۦ نَقْعًۭا"
  },
  {
    "surah": 100,
    "ayat": 5,
    "arab": "فَوَسَطْنَ بِهِۦ جَمْعًا"
  },
  {
    "surah": 100,
    "ayat": 6,
    "arab": "إِنَّ ٱلْإِنسَـٰنَ لِرَبِّهِۦ لَكَنُودٌۭ"
  },
  {
    "surah": 100,
    "ayat": 7,
    "arab": "وَإِنَّهُۥ عَلَىٰ ذَٰلِكَ لَشَهِيدٌۭ"
  },
  {
    "surah": 100,
    "ayat": 8,
    "arab": "وَإِنَّهُۥ لِحُبِّ ٱلْخَيْرِ لَشَدِيدٌ"
  },
  {
    "surah": 100,
    "ayat": 9,
    "arab": "۞ أَفَلَا يَعْلَمُ إِذَا بُعْثِرَ مَا فِى ٱلْقُبُورِ"
  },
  {
    "surah": 100,
    "ayat": 10,
    "arab": "وَحُصِّلَ مَا فِى ٱلصُّدُورِ"
  },
  {
    "surah": 100,
    "ayat": 11,
    "arab": "إِنَّ رَبَّهُم بِهِمْ يَوْمَئِذٍۢ لَّخَبِيرٌۢ"
  },
  {
    "surah": 101,
    "ayat": 1,
    "arab": "بِسْمِ ٱللَّهِ ٱلرَّحْمَـٰنِ ٱلرَّحِيمِ ٱلْقَارِعَةُ"
  },
  {
    "surah": 101,
    "ayat": 2,
    "arab": "مَا ٱلْقَارِعَةُ"
  },
  {
    "surah": 101,
    "ayat": 3,
    "arab": "وَمَآ أَدْرَىٰكَ مَا ٱلْقَارِعَةُ"
  },
  {
    "surah": 101,
    "ayat": 4,
    "arab": "يَوْمَ يَكُونُ ٱلنَّاسُ كَٱلْفَرَاشِ ٱلْمَبْثُوثِ"
  },
  {
    "surah": 101,
    "ayat": 5,
    "arab": "وَتَكُونُ ٱلْجِبَالُ كَٱلْعِهْنِ ٱلْمَنفُوشِ"
  },
  {
    "surah": 101,
    "ayat": 6,
    "arab": "فَأَمَّا مَن ثَقُلَتْ مَوَٰزِينُهُۥ"
  },
  {
    "surah": 101,
    "ayat": 7,
    "arab": "فَهُوَ فِى عِيشَةٍۢ رَّاضِيَةٍۢ"
  },
  {
    "surah": 101,
    "ayat": 8,
    "arab": "وَأَمَّا مَنْ خَفَّتْ مَوَٰزِينُهُۥ"
  },
  {
    "surah": 101,
    "ayat": 9,
    "arab": "فَأُمُّهُۥ هَاوِيَةٌۭ"
  },
  {
    "surah": 101,
    "ayat": 10,
    "arab": "وَمَآ أَدْرَىٰكَ مَا هِيَهْ"
  },
  {
    "surah": 101,
    "ayat": 11,
    "arab": "نَارٌ حَامِيَةٌۢ"
  },
  {
    "surah": 102,
    "ayat": 1,
    "arab": "بِسْمِ ٱللَّهِ ٱلرَّحْمَـٰنِ ٱلرَّحِيمِ أَلْهَىٰكُمُ ٱلتَّكَاثُرُ"
  },
  {
    "surah": 102,
    "ayat": 2,
    "arab": "حَتَّىٰ زُرْتُمُ ٱلْمَقَابِرَ"
  },
  {
    "surah": 102,
    "ayat": 3,
    "arab": "كَلَّا سَوْفَ تَعْلَمُونَ"
  },
  {
    "surah": 102,
    "ayat": 4,
    "arab": "ثُمَّ كَلَّا سَوْفَ تَعْلَمُونَ"
  },
  {
    "surah": 102,
    "ayat": 5,
    "arab": "كَلَّا لَوْ تَعْلَمُونَ عِلْمَ ٱلْيَقِينِ"
  },
  {
    "surah": 102,
    "ayat": 6,
    "arab": "لَتَرَوُنَّ ٱلْجَحِيمَ"
  },
  {
    "surah": 102,
    "ayat": 7,
    "arab": "ثُمَّ لَتَرَوُنَّهَا عَيْنَ ٱلْيَقِينِ"
  },
  {
    "surah": 102,
    "ayat": 8,
    "arab": "ثُمَّ لَتُسْـَٔلُنَّ يَوْمَئِذٍ عَنِ ٱلنَّعِيمِ"
  },
  {
    "surah": 103,
    "ayat": 1,
    "arab": "بِسْمِ ٱللَّهِ ٱلرَّحْمَـٰنِ ٱلرَّحِيمِ وَٱلْعَصْرِ"
  },
  {
    "surah": 103,
    "ayat": 2,
    "arab": "إِنَّ ٱلْإِنسَـٰنَ لَفِى خُسْرٍ"
  },
  {
    "surah": 103,
    "ayat": 3,
    "arab": "إِلَّا ٱلَّذِينَ ءَامَنُوا۟ وَعَمِلُوا۟ ٱلصَّـٰلِحَـٰتِ وَتَوَاصَوْا۟ بِٱلْحَقِّ وَتَوَاصَوْا۟ بِٱلصَّبْرِ"
  },
  {
    "surah": 104,
    "ayat": 1,
    "arab": "بِسْمِ ٱللَّهِ ٱلرَّحْمَـٰنِ ٱلرَّحِيمِ وَيْلٌۭ لِّكُلِّ هُمَزَةٍۢ لُّمَزَةٍ"
  },
  {
    "surah": 104,
    "ayat": 2,
    "arab": "ٱلَّذِى جَمَعَ مَالًۭا وَعَدَّدَهُۥ"
  },
  {
    "surah": 104,
    "ayat": 3,
    "arab": "يَحْسَبُ أَنَّ مَالَهُۥٓ أَخْلَدَهُۥ"
  },
  {
    "surah": 104,
    "ayat": 4,
    "arab": "كَلَّا ۖ لَيُنۢبَذَنَّ فِى ٱلْحُطَمَةِ"
  },
  {
    "surah": 104,
    "ayat": 5,
    "arab": "وَمَآ أَدْرَىٰكَ مَا ٱلْحُطَمَةُ"
  },
  {
    "surah": 104,
    "ayat": 6,
    "arab": "نَارُ ٱللَّهِ ٱلْمُوقَدَةُ"
  },
  {
    "surah": 104,
    "ayat": 7,
    "arab": "ٱلَّتِى تَطَّلِعُ عَلَى ٱلْأَفْـِٔدَةِ"
  },
  {
    "surah": 104,
    "ayat": 8,
    "arab": "إِنَّهَا عَلَيْهِم مُّؤْصَدَةٌۭ"
  },
  {
    "surah": 104,
    "ayat": 9,
    "arab": "فِى عَمَدٍۢ مُّمَدَّدَةٍۭ"
  },
  {
    "surah": 105,
    "ayat": 1,
    "arab": "بِسْمِ ٱللَّهِ ٱلرَّحْمَـٰنِ ٱلرَّحِيمِ أَلَمْ تَرَ كَيْفَ فَعَلَ رَبُّكَ بِأَصْحَـٰبِ ٱلْفِيلِ"
  },
  {
    "surah": 105,
    "ayat": 2,
    "arab": "أَلَمْ يَجْعَلْ كَيْدَهُمْ فِى تَضْلِيلٍۢ"
  },
  {
    "surah": 105,
    "ayat": 3,
    "arab": "وَأَرْسَلَ عَلَيْهِمْ طَيْرًا أَبَابِيلَ"
  },
  {
    "surah": 105,
    "ayat": 4,
    "arab": "تَرْمِيهِم بِحِجَارَةٍۢ مِّن سِجِّيلٍۢ"
  },
  {
    "surah": 105,
    "ayat": 5,
    "arab": "فَجَعَلَهُمْ كَعَصْفٍۢ مَّأْكُولٍۭ"
  },
  {
    "surah": 106,
    "ayat": 1,
    "arab": "بِسْمِ ٱللَّهِ ٱلرَّحْمَـٰنِ ٱلرَّحِيمِ لِإِيلَـٰفِ قُرَيْشٍ"
  },
  {
    "surah": 106,
    "ayat": 2,
    "arab": "إِۦلَـٰفِهِمْ رِحْلَةَ ٱلشِّتَآءِ وَٱلصَّيْفِ"
  },
  {
    "surah": 106,
    "ayat": 3,
    "arab": "فَلْيَعْبُدُوا۟ رَبَّ هَـٰذَا ٱلْبَيْتِ"
  },
  {
    "surah": 106,
    "ayat": 4,
    "arab": "ٱلَّذِىٓ أَطْعَمَهُم مِّن جُوعٍۢ وَءَامَنَهُم مِّنْ خَوْفٍۭ"
  },
  {
    "surah": 107,
    "ayat": 1,
    "arab": "بِسْمِ ٱللَّهِ ٱلرَّحْمَـٰنِ ٱلرَّحِيمِ أَرَءَيْتَ ٱلَّذِى يُكَذِّبُ بِٱلدِّينِ"
  },
  {
    "surah": 107,
    "ayat": 2,
    "arab": "فَذَٰلِكَ ٱلَّذِى يَدُعُّ ٱلْيَتِيمَ"
  },
  {
    "surah": 107,
    "ayat": 3,
    "arab": "وَلَا يَحُضُّ عَلَىٰ طَعَامِ ٱلْمِسْكِينِ"
  },
  {
    "surah": 107,
    "ayat": 4,
    "arab": "فَوَيْلٌۭ لِّلْمُصَلِّينَ"
  },
  {
    "surah": 107,
    "ayat": 5,
    "arab": "ٱلَّذِينَ هُمْ عَن صَلَاتِهِمْ سَاهُونَ"
  },
  {
    "surah": 107,
    "ayat": 6,
    "arab": "ٱلَّذِينَ هُمْ يُرَآءُونَ"
  },
  {
    "surah": 107,
    "ayat": 7,
    "arab": "وَيَمْنَعُونَ ٱلْمَاعُونَ"
  },
  {
    "surah": 108,
    "ayat": 1,
    "arab": "بِسْمِ ٱللَّهِ ٱلرَّحْمَـٰنِ ٱلرَّحِيمِ إِنَّآ أَعْطَيْنَـٰكَ ٱلْكَوْثَرَ"
  },
  {
    "surah": 108,
    "ayat": 2,
    "arab": "فَصَلِّ لِرَبِّكَ وَٱنْحَرْ"
  },
  {
    "surah": 108,
    "ayat": 3,
    "arab": "إِنَّ شَانِئَكَ هُوَ ٱلْأَبْتَرُ"
  },
  {
    "surah": 109,
    "ayat": 1,
    "arab": "بِسْمِ ٱللَّهِ ٱلرَّحْمَـٰنِ ٱلرَّحِيمِ قُلْ يَـٰٓأَيُّهَا ٱلْكَـٰفِرُونَ"
  },
  {
    "surah": 109,
    "ayat": 2,
    "arab": "لَآ أَعْبُدُ مَا تَعْبُدُونَ"
  },
  {
    "surah": 109,
    "ayat": 3,
    "arab": "وَلَآ أَنتُمْ عَـٰبِدُونَ مَآ أَعْبُدُ"
  },
  {
    "surah": 109,
    "ayat": 4,
    "arab": "وَلَآ أَنَا۠ عَابِدٌۭ مَّا عَبَدتُّمْ"
  },
  {
    "surah": 109,
    "ayat": 5,
    "arab": "وَلَآ أَنتُمْ عَـٰبِدُونَ مَآ أَعْبُدُ"
  },
  {
    "surah": 109,
    "ayat": 6,
    "arab": "لَكُمْ دِينُكُمْ وَلِىَ دِينِ"
  },
  {
    "surah": 110,
    "ayat": 1,
    "arab": "بِسْمِ ٱللَّهِ ٱلرَّحْمَـٰنِ ٱلرَّحِيمِ إِذَا جَآءَ نَصْرُ ٱللَّهِ وَٱلْفَتْحُ"
  },
  {
    "surah": 110,
    "ayat": 2,
    "arab": "وَرَأَيْتَ ٱلنَّاسَ يَدْخُلُونَ فِى دِينِ ٱللَّهِ أَفْوَاجًۭا"
  },
  {
    "surah": 110,
    "ayat": 3,
    "arab": "فَسَبِّحْ بِحَمْدِ رَبِّكَ وَٱسْتَغْفِرْهُ ۚ إِنَّهُۥ كَانَ تَوَّابًۢا"
  },
  {
    "surah": 111,
    "ayat": 1,
    "arab": "بِسْمِ ٱللَّهِ ٱلرَّحْمَـٰنِ ٱلرَّحِيمِ تَبَّتْ يَدَآ أَبِى لَهَبٍۢ وَتَبَّ"
  },
  {
    "surah": 111,
    "ayat": 2,
    "arab": "مَآ أَغْنَىٰ عَنْهُ مَالُهُۥ وَمَا كَسَبَ"
  },
  {
    "surah": 111,
    "ayat": 3,
    "arab": "سَيَصْلَىٰ نَارًۭا ذَاتَ لَهَبٍۢ"
  },
  {
    "surah": 111,
    "ayat": 4,
    "arab": "وَٱمْرَأَتُهُۥ حَمَّالَةَ ٱلْحَطَبِ"
  },
  {
    "surah": 111,
    "ayat": 5,
    "arab": "فِى جِيدِهَا حَبْلٌۭ مِّن مَّسَدٍۭ"
  },
  {
    "surah": 112,
    "ayat": 1,
    "arab": "بِسْمِ ٱللَّهِ ٱلرَّحْمَـٰنِ ٱلرَّحِيمِ قُلْ هُوَ ٱللَّهُ أَحَدٌ"
  },
  {
    "surah": 112,
    "ayat": 2,
    "arab": "ٱللَّهُ ٱلصَّمَدُ"
  },
  {
    "surah": 112,
    "ayat": 3,
    "arab": "لَمْ يَلِدْ وَلَمْ يُولَدْ"
  },
  {
    "surah": 112,
    "ayat": 4,
    "arab": "وَلَمْ يَكُن لَّهُۥ كُفُوًا أَحَدٌۢ"
  },
  {
    "surah": 113,
    "ayat": 1,
    "arab": "بِسْمِ ٱللَّهِ ٱلرَّحْمَـٰنِ ٱلرَّحِيمِ قُلْ أَعُوذُ بِرَبِّ ٱلْفَلَقِ"
  },
  {
    "surah": 113,
    "ayat": 2,
    "arab": "مِن شَرِّ مَا خَلَقَ"
  },
  {
    "surah": 113,
    "ayat": 3,
    "arab": "وَمِن شَرِّ غَاسِقٍ إِذَا وَقَبَ"
  },
  {
    "surah": 113,
    "ayat": 4,
    "arab": "وَمِن شَرِّ ٱلنَّفَّـٰثَـٰتِ فِى ٱلْعُقَدِ"
  },
  {
    "surah": 113,
    "ayat": 5,
    "arab": "وَمِن شَرِّ حَاسِدٍ إِذَا حَسَدَ"
  },
  {
    "surah": 114,
    "ayat": 1,
    "arab": "بِسْمِ ٱللَّهِ ٱلرَّحْمَـٰنِ ٱلرَّحِيمِ قُلْ أَعُوذُ بِرَبِّ ٱلنَّاسِ"
  },
  {
    "surah": 114,
    "ayat": 2,
    "arab": "مَلِكِ ٱلنَّاسِ"
  },
  {
    "surah": 114,
    "ayat": 3,
    "arab": "إِلَـٰهِ ٱلنَّاسِ"
  },
  {
    "surah": 114,
    "ayat": 4,
    "arab": "مِن شَرِّ ٱلْوَسْوَاسِ ٱلْخَنَّاسِ"
  },
  {
    "surah": 114,
    "ayat": 5,
    "arab": "ٱلَّذِى يُوَسْوِسُ فِى صُدُورِ ٱلنَّاسِ"
  },
  {
    "surah": 114,
    "ayat": 6,
    "arab": "مِنَ ٱلْجِنَّةِ وَٱلنَّاسِ"
  }
]